"has_coupon","is_sponsored_flag","avg_units"
0,0,487.86267442275437
0,1,8964.543348775645
1,0,488.6111111111111
1,1,1005.7659208261618
